set,model,n,dropped,dropped_pct,fragment,question,echo,refusal,offtopic,top_rule
main,Gemma3-270M,3000,2121,70.7,2100,0,15,0,6,headword_only
main,Gemma3-270M-pt,3000,1727,57.6,432,460,458,20,357,question
main,Gemma3-1B,3000,0,0.0,0,0,0,0,0,
main,Gemma3-1B-pt,3000,1420,47.3,356,329,461,12,262,task_start
main,Gemma3-4B,3000,0,0.0,0,0,0,0,0,
main,Gemma3-4B-pt,3000,1678,55.9,62,946,559,38,73,question
main,Gemma3-12B,3000,0,0.0,0,0,0,0,0,
main,Gemma3-12B-pt,3000,1497,49.9,120,537,341,124,375,question
main,Gemma3-27B,3000,2,0.1,1,0,0,0,1,first_person
main,Gemma3-27B-pt,3000,1704,56.8,57,1061,376,79,131,question
main,Qwen2.5-0.5B,3000,2,0.1,1,1,0,0,0,non_latin_text
main,Qwen2.5-1.5B,3000,1,0.0,0,1,0,0,0,question
main,Qwen2.5-3B,3000,1,0.0,0,0,1,0,0,instruction
main,Qwen2.5-7B,3000,9,0.3,9,0,0,0,0,non_latin_text
main,Qwen2.5-14B,3000,2,0.1,2,0,0,0,0,non_latin_text
main,Qwen2.5-32B,3000,0,0.0,0,0,0,0,0,
main,Qwen2.5-72B,3000,0,0.0,0,0,0,0,0,
main,Qwen3-0.6B,3000,22,0.7,21,0,1,0,0,headword_only
main,Qwen3-1.7B,3000,1,0.0,0,0,1,0,0,task_phrase
main,Qwen3-4B,3000,0,0.0,0,0,0,0,0,
main,Qwen3-4B-Instruct-2507,3000,0,0.0,0,0,0,0,0,
main,Qwen3-8B,3000,1,0.0,0,0,1,0,0,task_phrase
main,Qwen3-14B,3000,2,0.1,0,0,2,0,0,task_phrase
e3,Gemma3-270M-pt,3000,24,0.8,24,0,0,0,0,headword_only
e3,Gemma3-1B-pt,3000,0,0.0,0,0,0,0,0,
e3,Gemma3-4B-pt,3000,0,0.0,0,0,0,0,0,
e3,Gemma3-12B-pt,3000,0,0.0,0,0,0,0,0,
e3,Gemma3-27B-pt,3000,1,0.0,0,1,0,0,0,question
e4,Gemma3-270M,3000,2614,87.1,2605,0,6,0,3,headword_only
e4,Gemma3-1B,3000,1,0.0,0,1,0,0,0,question
e4,Gemma3-4B,3000,0,0.0,0,0,0,0,0,
e4,Gemma3-12B,3000,1,0.0,0,0,1,0,0,task_phrase
e4,Gemma3-27B,3000,73,2.4,70,0,3,0,0,lead_in
e4,Qwen2.5-0.5B,3000,28,0.9,18,1,9,0,0,headword_only
e4,Qwen2.5-1.5B,3000,5,0.2,3,2,0,0,0,non_latin_text
e4,Qwen2.5-3B,3000,5,0.2,5,0,0,0,0,non_latin_text
e4,Qwen2.5-7B,3000,14,0.5,14,0,0,0,0,non_latin_text
e4,Qwen2.5-14B,3000,7,0.2,7,0,0,0,0,non_latin_text
e4,Qwen2.5-32B,3000,3,0.1,3,0,0,0,0,non_latin_text
e4,Qwen2.5-72B,3000,0,0.0,0,0,0,0,0,
e4,Qwen3-0.6B,3000,77,2.6,76,1,0,0,0,headword_only
e4,Qwen3-1.7B,3000,3,0.1,3,0,0,0,0,non_latin_text
e4,Qwen3-4B,3000,4,0.1,3,0,1,0,0,non_latin_text
e4,Qwen3-4B-Instruct-2507,3000,1,0.0,0,0,1,0,0,task_phrase
e4,Qwen3-8B,3000,1,0.0,0,0,1,0,0,task_phrase
e4,Qwen3-14B,3000,1,0.0,1,0,0,0,0,lead_in
e5,Gemma3-270M,3000,215,7.2,154,8,46,0,7,headword_only
e5,Gemma3-1B,3000,16,0.5,0,0,13,0,3,task_start
e5,Gemma3-4B,3000,84,2.8,69,0,14,0,1,lead_in
e5,Gemma3-12B,3000,38,1.3,14,4,19,0,1,instruction
e5,Gemma3-27B,3000,21,0.7,20,0,0,0,1,lead_in
e5,Qwen2.5-0.5B,3000,11,0.4,1,1,9,0,0,task_phrase
e5,Qwen2.5-1.5B,3000,33,1.1,5,0,28,0,0,task_rule
e5,Qwen2.5-3B,3000,227,7.6,224,0,3,0,0,blank
e5,Qwen2.5-7B,3000,11,0.4,4,0,7,0,0,task_start
e5,Qwen2.5-14B,3000,200,6.7,0,7,191,0,2,task_start
e5,Qwen2.5-32B,3000,67,2.2,32,1,30,0,4,headword_only
e5,Qwen2.5-72B,3000,58,1.9,10,0,46,0,2,task_rule
e5,Qwen3-0.6B,3000,2595,86.5,0,262,2330,0,3,task_start
e5,Qwen3-1.7B,3000,2557,85.2,10,7,2539,0,1,task_start
e5,Qwen3-4B,3000,1865,62.2,9,0,1855,0,1,task_start
e5,Qwen3-4B-Instruct-2507,3000,149,5.0,14,28,102,0,5,task_start
e5,Qwen3-8B,3000,987,32.9,13,5,961,0,8,task_start
e5,Qwen3-14B,3000,2203,73.4,0,3,2195,0,5,task_start
