tab,row,word,stored,extracted,first_pass_label,first_pass_note
Gemma3-270M-pt,9,clip,"A. ""clip""\n\nB. ""clip""\n\nC. ""clip""\n\nD. ""clip""\n\nE. ""clip""\n\n<strong>Answer:</strong>\n\nD\n\n<strong>Explanation:</strong>\n\n<strong>Answer:</strong>\n\n<strong>A.</strong>\n\n<strong>Explanation:</strong>\n\n<strong>Answer:</strong>\n\n<strong>A.</strong>\n\n<strong>Explanation:</strong>\n\nThe word ""clip"" is the plural form of ""clip"" which means ""to clip"".","""clip""",definition,format
Gemma3-270M-pt,11,failing,"What does the word ""failing"" mean in the sentence?\n\nThe word ""failing"" is used to describe a situation in which a person or thing is unable to do something or do something properly. It can also mean a situation where something is not working as it should.","What does the word ""failing"" mean in the sentence?",definition,trailing-junk
Gemma3-270M-pt,14,bury,<strong>Explanation:</strong>\n\nI. <strong>Bury</strong> is a verb that means to bury or to bury something. It can also be used to say to bury something.,Explanation: Bury is a verb that means to bury or to bury something.,definition,format
Gemma3-270M-pt,16,maxwell,"Define the noun ""maxwell"" in one short sentence. Use only common English words. Do not use the word itself in the definition.","Define the noun ""maxwell"" in one short sentence.",echo,
Gemma3-270M-pt,17,strait,"Define the noun ""strait"" in one short sentence. Use only common English words. Do not use the word itself in the definition.","Define the noun ""strait"" in one short sentence.",echo,
Gemma3-270M-pt,26,human,"Define the adjective ""human"" in one short sentence. Use only common English words. Do not use the word itself in the definition.","Define the adjective ""human"" in one short sentence.",echo,
Gemma3-270M-pt,29,flooring,"The flooring in a room is a type of material that is used to protect it from damage. It is made of materials like wood, metal, or plastic. It is usually made from wood or metal.",The flooring in a room is a type of material that is used to protect it from damage.,definition,
Gemma3-270M-pt,33,employee,"The term ""employee"" can be used to describe any person who works for a business or organization. It can be a person who works for a company, a union, or a government agency.","The term ""employee"" can be used to describe any person who works for a business or organization.",definition,
Gemma3-270M-pt,37,infantry,"Define the noun ""infantry"" in one long sentence. Use only common English words. Do not use the word itself in the definition.","Define the noun ""infantry"" in one long sentence.",echo,
Gemma3-270M-pt,38,gallery,"""I am an artist"" is a noun. What is the meaning of the noun ""I"" in this sentence?","""I am an artist"" is a noun.",offtopic,
Gemma3-270M-pt,44,y,"Define the noun ""y"" in one short sentence. Use only common English words. Do not use the word itself in the definition.","Define the noun ""y"" in one short sentence.",echo,
Gemma3-270M-pt,45,asleep,"Define the adjective ""asleep"" in one short sentence. Use only common English words. Do not use the word itself in the definition.","Define the adjective ""asleep"" in one short sentence.",echo,
Gemma3-270M-pt,50,eminent,"The term ""eminent"" is used to describe the highest level of power, authority, or prestige. It is a synonym for ""superior.""\n\nA person who is a ""eminent"" in a situation is someone who is highly respected, respected, or admired by others.","The term ""eminent"" is used to describe the highest level of power, authority, or prestige.",definition,
Gemma3-270M-pt,56,take,"The word ""take"" is used in the sentence ""I take my dog to the park every day."" What does the word ""dog"" mean?","The word ""take"" is used in the sentence ""I take my dog to the park every day.""",offtopic,
Gemma3-270M-pt,57,formation,The form of a noun is the form of the noun itself. The noun is a noun.,The form of a noun is the form of the noun itself.,offtopic,
Gemma3-270M-pt,63,three,"Define the adjective ""three"" in one long sentence. Use only common English words. Do not use the word itself in the definition.","Define the adjective ""three"" in one long sentence.",echo,
Gemma3-270M-pt,64,sue,"The noun ""sue"" in one short sentence. Use only common English words. Do not use the word itself in the definition.","The noun ""sue"" in one short sentence.",echo,
Gemma3-270M-pt,66,comic,"""Comic"" is a noun. It is a noun.","""Comic"" is a noun.",restatement,pos-only
Gemma3-270M-pt,69,rehabilitation,"The word ""rehabilitation"" has a variety of meanings. It is used to describe a person who has been diagnosed with a disability. It can also be used to describe the process of changing a person's life.","The word ""rehabilitation"" has a variety of meanings.",definition,
Gemma3-270M-pt,71,interchange,"""The man was a very good swimmer. He swam the river.""","""The man was a very good swimmer.",offtopic,
Gemma3-270M-pt,72,process,A process is a sequence of actions that leads to a specific result. It is the result of a sequence of events.,A process is a sequence of actions that leads to a specific result.,definition,
Gemma3-270M-pt,73,toynbee,"The word ""toynbee"" is a noun. It is used in the sentence ""I don't like to eat bread.""","The word ""toynbee"" is a noun.",offtopic,
Gemma3-270M-pt,74,midnight,"<strong>Answer:</strong>\n\nThe noun ""midnight"" in one short sentence. Use only common English words. Do not use the word itself in the definition.","Answer: The noun ""midnight"" in one short sentence.",echo,format
Gemma3-270M-pt,77,temptation,"What is the meaning of ""temptation"" in the sentence below? The king is in a state of mind of ""temptation"" and is ""tempted"" to make a move.","What is the meaning of ""temptation"" in the sentence below?",question,
Gemma3-270M-pt,78,comment,"<strong><em><strong><em>Comment</em></strong></em></strong> is a verb that means ""to write something down"". In the sentence below, <strong><em><strong><em>Comment</em></strong></em></strong> is used to describe a writer's opinion about something.","Comment is a verb that means ""to write something down"".",definition,format
Gemma3-270M-pt,80,yes,"A. ""yes""\n\nB. ""yes""\n\nC. ""yes""\n\nD. ""yes""\n\nE. ""yes""\n\n<strong>Correct Answer:</strong> C\n\n<strong>Solution :</strong>\n\n<strong>Yes</strong><strong>Correct Answer:</strong> C<strong>Correct Answer:</strong> C<strong>Correct Answer:</strong> C\n\n<strong>Solution :</strong>\n\nGiven, ""Yes"" is the correct answer.","""yes""",unclear,"format; multiple-choice junk, no meaning"
Gemma3-270M-pt,84,frame,Frame is a verb. It means to frame a frame.,Frame is a verb.,definition,
Gemma3-270M-pt,85,group,"I think it is important to understand that the word ""group"" is not a word that means a group. It is a word that means people or people groups.","I think it is important to understand that the word ""group"" is not a word that means a group.",offtopic,
Gemma3-270M-pt,87,european,"The term ""European"" is used in a sentence. Use it in the sentence.","The term ""European"" is used in a sentence.",echo,
Gemma3-270M-pt,89,efficient,"In the last paragraph, the author uses a word that is not in common English, but that is very important to the reader. What does it mean?","In the last paragraph, the author uses a word that is not in common English, but that is very important to the reader.",offtopic,
Gemma3-270M-pt,91,burn,"Define the noun ""burn"" in one long sentence. Use only common English words. Do not use the word itself in the definition.","Define the noun ""burn"" in one long sentence.",echo,
Gemma3-270M-pt,92,partition,"What is the verb ""partition"" in one short sentence?\n\nUse only common English words. Do not use the word itself in the definition.","What is the verb ""partition"" in one short sentence?",echo,
Gemma3-270M-pt,94,climate,The climate of a place is the weather. It is the weather that is felt by people living there. It is the weather that affects the people who live there.,The climate of a place is the weather.,definition,
Gemma3-270M-pt,97,missouri,"Define the noun ""missouri"" in one short sentence. Use only common English words. Do not use the word itself in the definition.","Define the noun ""missouri"" in one short sentence.",echo,
Gemma3-270M-pt,98,bias,"The following sentence contains a verb:\n\n""The <strong>bias</strong> of the government is to try to prevent the <strong>people</strong> from having a choice in their lives.""\n\nThe verb ""bias"" is a verb, and it is used in the sentence. The sentence is a sentence, and the verb is a noun. The word ""bias"" is a noun, and it is used as an adjective.","The following sentence contains a verb: ""The bias of the government is to try to prevent the people from having a choice in their lives.""",offtopic,format
Gemma3-270M-pt,100,blanket,"""blanket"" is a noun. The verb ""blanket"" in the sentence ""I'm not going to bed."" is a verb.","""blanket"" is a noun.",offtopic,
Gemma3-1B-pt,8,worldly,"Define the adjective ""worldly"" in one short sentence. Use only common English words. Do not use the word itself in the definition.","Define the adjective ""worldly"" in one short sentence.",echo,
Gemma3-1B-pt,11,failing,"What does the word ""failing"" mean in this sentence?\n\nThe new building will fail if it is not constructed correctly.","What does the word ""failing"" mean in this sentence?",question,
Gemma3-1B-pt,13,bobby,"What is the meaning of the word ""bobby""?\n\nThe word ""bobby"" is used to describe someone who is very friendly, outgoing, and fun-loving. It is often used to describe someone who is always willing to help others and is always willing to lend a helping hand.","What is the meaning of the word ""bobby""?",definition,q+def
Gemma3-1B-pt,16,maxwell,Maxwell is a unit of measurement of electric charge. It is named after the Scottish physicist James Clerk Maxwell.,Maxwell is a unit of measurement of electric charge.,definition,
Gemma3-1B-pt,17,strait,"Define the noun ""strait"" in one short sentence. Use only common English words. Do not use the word itself in the definition.","Define the noun ""strait"" in one short sentence.",echo,
Gemma3-1B-pt,19,considerable,Considerable is a very large amount of something. It can be used to describe something that is a lot of things.,Considerable is a very large amount of something.,definition,
Gemma3-1B-pt,20,professional,"Define the adjective ""professional"" in one short sentence. Use only common English words. Do not use the word itself in the definition.","Define the adjective ""professional"" in one short sentence.",echo,
Gemma3-1B-pt,23,head,The head of a car is the person who controls the steering wheel and accelerator. The head of a football team is the person who controls the play. The head of a department is the person who controls the work of that department. The head of a company is the person who controls the work of all the employees in that company.,The head of a car is the person who controls the steering wheel and accelerator.,definition,several senses given
Gemma3-1B-pt,26,human,"Define the adjective ""human"" in one short sentence. Use only common English words. Do not use the word itself in the definition.","Define the adjective ""human"" in one short sentence.",echo,
Gemma3-1B-pt,28,directory,"The noun ""directory"" is a term that refers to a list of information or data organized in a structured manner. It is a way to organize and present information in a logical and efficient manner. A directory can be used for a variety of purposes, such as keeping track of important documents, storing contacts, or organizing files.","The noun ""directory"" is a term that refers to a list of information or data organized in a structured manner.",definition,
Gemma3-1B-pt,30,impatience,"The noun ""impatience"" is a noun meaning ""the state of being impatient."" It is a word that is used to describe a feeling of being annoyed or upset because someone is being late or not being able to do something that they want to do.","The noun ""impatience"" is a noun meaning ""the state of being impatient.""",definition,
Gemma3-1B-pt,31,devise,"Define the verb ""invent"" in one short sentence. Use only common English words. Do not use the word itself in the definition.","Define the verb ""invent"" in one short sentence.",echo,
Gemma3-1B-pt,38,gallery,"For example, the word ""gallery"" is not a common English word. It is a Latin word.","For example, the word ""gallery"" is not a common English word.",offtopic,
Gemma3-1B-pt,44,y,"Define the noun ""z"" in one short sentence. Use only common English words. Do not use the word itself in the definition.","Define the noun ""z"" in one short sentence.",echo,
Gemma3-1B-pt,45,asleep,"Define the adjective ""awake"" in one short sentence. Use only common English words. Do not use the word itself in the definition.","Define the adjective ""awake"" in one short sentence.",echo,
Gemma3-1B-pt,47,wait,"Define the verb ""wait"" in one short sentence. Use only common English words. Do not use the word itself in the definition.","Define the verb ""wait"" in one short sentence.",echo,
Gemma3-1B-pt,50,eminent,"The adjective ""eminent"" is a word that describes something that is very important or that is very good. It means ""very important"" or ""very good."" The word ""eminent"" is often used to describe people or things that are very important or very good.","The adjective ""eminent"" is a word that describes something that is very important or that is very good.",definition,
Gemma3-1B-pt,51,contest,"What is the correct spelling of the word ""contest""?\n\nA. contest\n\nB. contest\n\nC. contest\n\nD. contest\n\nThe word ""contest"" is defined as a competition or a competition.","What is the correct spelling of the word ""contest""?",definition,q+def + format
Gemma3-1B-pt,56,take,"The noun ""take"" can mean a number of things. In this lesson, we'll be focusing on the verb ""take.""\n\nThe verb ""take"" means to do something to something.","The noun ""take"" can mean a number of things.",definition,trailing-junk + wrong-pos
Gemma3-1B-pt,60,issue,"The word ""issue"" is used in a variety of contexts. For example, it may refer to a person's political beliefs, the state of a relationship, a legal issue, or the outcome of a court case. The word is also used in legal contexts, such as in a lawsuit or a court case.","The word ""issue"" is used in a variety of contexts.",definition,
Gemma3-1B-pt,61,potato,"The word potato comes from the Latin word ""potatis"" which means ""pot-fruit."" Potatoes are actually a type of root vegetable that grows in the ground. Potatoes are a type of tuber that has a sweet, starchy taste.","The word potato comes from the Latin word ""potatis"" which means ""pot-fruit.""",definition,trailing-junk
Gemma3-1B-pt,63,three,"Define the adjective ""three"" in one short sentence. Use only common English words. Do not use the word itself in the definition.","Define the adjective ""three"" in one short sentence.",echo,
Gemma3-1B-pt,67,biography,"The biography of the American writer James Fenimore Cooper, written by the American historian James Fenimore Cooper, was published in 1826. The book is considered one of the best American historical novels of all time.","The biography of the American writer James Fenimore Cooper, written by the American historian James Fenimore Cooper, was published in 1826.",offtopic,
Gemma3-1B-pt,69,rehabilitation,"The word ""rehabilitation"" has a variety of meanings. One of the most common is ""the act of making someone better."" In this sense, rehabilitation is used to describe the process of getting a person back to full health after an illness or injury. For example, a person who has suffered a stroke may need rehabilitation to learn how to walk and use their arms and hands again.","The word ""rehabilitation"" has a variety of meanings.",definition,
Gemma3-1B-pt,73,toynbee,"The noun ""toynbee"" is a small, wooden toy with a round top that is used to carry small items. It is often used to carry small items like coins, keys, or jewelry.","The noun ""toynbee"" is a small, wooden toy with a round top that is used to carry small items.",definition,
Gemma3-1B-pt,83,childhood,"""Childhood"" is a noun that refers to the time when a person is a child. It is a time of innocence, happiness, and joy. Childhood is a special time in a person's life, and it is important to cherish it.","""Childhood"" is a noun that refers to the time when a person is a child.",definition,
Gemma3-1B-pt,84,frame,"Define the verb ""frame"" in one short sentence. Use only common English words. Do not use the word itself in the definition.","Define the verb ""frame"" in one short sentence.",echo,
Gemma3-1B-pt,85,group,"For example, ""group"" is not a word. It is a verb.","For example, ""group"" is not a word.",offtopic,
Gemma3-1B-pt,87,european,"The definition of ""european"" in one short sentence. Use only common English words. Do not use the word itself in the definition.","The definition of ""european"" in one short sentence.",echo,
Gemma3-1B-pt,92,partition,"What is the verb ""partition"" in the sentence ""The partition is in the middle of the room""?\n\nDefine the verb ""partition"" in one short sentence. Use only common English words. Do not use the word itself in the definition.","What is the verb ""partition"" in the sentence ""The partition is in the middle of the room""?",echo,
Gemma3-1B-pt,97,missouri,"Define the noun ""missouri"" in one short sentence. Use only common English words. Do not use the word itself in the definition.","Define the noun ""missouri"" in one short sentence.",echo,
Gemma3-1B-pt,98,bias,"The verb ""bias"" is defined as ""to favor one side over another"" in one short sentence. Use only common English words. Do not use the word itself in the definition.","The verb ""bias"" is defined as ""to favor one side over another"" in one short sentence.",definition,echo+def; gloss embedded in echoed instructions
Gemma3-1B-pt,99,acknowledge,What is the correct verb form for the following sentence?\nThe new manager is known to be very difficult.,What is the correct verb form for the following sentence?,offtopic,
Gemma3-4B-pt,3,plank,"Define the noun ""plank"" in one short sentence. Use only common English words. Do not use the word itself in the definition.","Define the noun ""plank"" in one short sentence.",echo,
Gemma3-4B-pt,4,pinpoint,"What is the value of <tex>$f(x)=2(x-3)^{2}-1$</tex> when <tex>$x=-1 ?$</tex>\n\nThe equation <tex>$y=4 x^{2}+12 x+9$</tex> is a parabola. Graph the parabola and give its vertex, axis of symmetry, domain, and range.",What is the value of $f(x)=2(x-3)^{2}-1$ when $x=-1 ?$,offtopic,
Gemma3-4B-pt,6,sunlight,"Define the noun ""sunlight"" in one short sentence. Use only common English words. Do not use the word itself in the definition.","Define the noun ""sunlight"" in one short sentence.",echo,
Gemma3-4B-pt,12,tenth,"What is the meaning of the word ""reverberate"" as it is used in paragraph 11 ? A. to sound loudly B. to bounce back C. to make a sound D. to make a noise\n\nThe word ""reverberate"" as it is used in paragraph 11 most nearly means to: A. bounce back. B. sound loudly. C. make a sound. D. make a noise.","What is the meaning of the word ""reverberate"" as it is used in paragraph 11 ?",offtopic,wrong-word
Gemma3-4B-pt,13,bobby,Which of the following is a common symptom of a stroke? A. Nausea B. Seizures C. Slurred speech D. Loss of balance\n\nA. 250 B. 125 C. 150 D. 200\n\nQuestion 24 of 25 Which statement describes a difference between the U.S. Constitution and the Articles of Confederation? A. The Articles of Confederation allowed for a federal court system. B. The U.S. Constitution allowed for a federal court system. C. The Articles of Confederation did not allow for a federal court system. D. The U.S. Constitution did not allow for a federal court system.,Which of the following is a common symptom of a stroke?,offtopic,
Gemma3-4B-pt,17,strait,"The word ""strait"" refers to a narrow passage of water that connects two larger bodies of water. It is a narrow and usually shallow channel that allows ships to navigate between two bodies of water. Straits are often formed by the action of rivers or glaciers, and they can be found in various parts of the world.","The word ""strait"" refers to a narrow passage of water that connects two larger bodies of water.",definition,
Gemma3-4B-pt,19,considerable,"Define the adjective ""considerable"" in one short sentence. Use only common English words. Do not use the word itself in the definition.","Define the adjective ""considerable"" in one short sentence.",echo,
Gemma3-4B-pt,20,professional,"What will be an ideal response?\n\n\nQues. 2\n\nA client who is 80 years old is admitted to the hospital with a diagnosis of pneumonia. The client's daughter, who is 40 years old, is the client's primary caregiver. What is the best nursing action for the nurse to take?\n \n  a. Ask the daughter if she has any questions about the client's care.",What will be an ideal response?,offtopic,
Gemma3-4B-pt,22,branch,"Define the verb ""branch"" in one short sentence. Use only common English words. Do not use the word itself in the definition.","Define the verb ""branch"" in one short sentence.",echo,
Gemma3-4B-pt,23,head,"What is the purpose of the ""head"" in the following sentence?\n\nThe head of the snake was missing.","What is the purpose of the ""head"" in the following sentence?",question,
Gemma3-4B-pt,24,confirmed,"Define the adjective ""confirmed"" in one short sentence. Use only common English words. Do not use the word itself in the definition.","Define the adjective ""confirmed"" in one short sentence.",echo,
Gemma3-4B-pt,25,birthplace,"Define the noun ""birthplace"" in one short sentence. Use only common English words. Do not use the word itself in the definition.","Define the noun ""birthplace"" in one short sentence.",echo,
Gemma3-4B-pt,32,decrease,"Define the verb ""decrease"" in one short sentence. Use only common English words. Do not use the word itself in the definition.","Define the verb ""decrease"" in one short sentence.",echo,
Gemma3-4B-pt,35,ardent,"What is the difference between a thesis statement and a topic sentence?\n\nWhat is the difference between a thesis statement and a topic sentence?\n\nThe difference between a thesis statement and a topic sentence is that a thesis statement is a claim that is supported by evidence, while a topic sentence is a sentence that introduces the main idea of a paragraph.",What is the difference between a thesis statement and a topic sentence?,offtopic,
Gemma3-4B-pt,36,handkerchief,"The word handkerchief is a noun that refers to a small, square or rectangular piece of cloth used for wiping the nose or face. It is often made of cotton or linen and can be folded or rolled into a pocket-sized handkerchief.","The word handkerchief is a noun that refers to a small, square or rectangular piece of cloth used for wiping the nose or face.",definition,
Gemma3-4B-pt,37,infantry,"Which of the following best describes the difference between a direct democracy and a representative democracy?\n\nA. In a direct democracy, the people vote on every issue; in a representative democracy, they vote on only major issues.",Which of the following best describes the difference between a direct democracy and a representative democracy?,offtopic,
Gemma3-4B-pt,39,regiment,A. to march\n\nB. to be under control\n\nC. to be under discipline\n\nD. to be under punishment\n\nE. to be under order\n\nThe correct answer is B. To be under control.,to march,definition,"format; multiple-choice, chosen answer is a gloss"
Gemma3-4B-pt,40,distress,"What is the verb ""distress"" in the following sentence?\n\n""The man's distress at being caught in the rain was obvious.""\n\nDistress is the verb in the sentence.","What is the verb ""distress"" in the following sentence?",offtopic,
Gemma3-4B-pt,41,gigantic,"Define the word ""gigantic"" in one short sentence. Use only common English words. Do not use the word itself in the definition.","Define the word ""gigantic"" in one short sentence.",echo,
Gemma3-4B-pt,44,y,"What is the definition of the word ""y""?\n\nDefine the word ""y"" in one short sentence. Use only common English words. Do not use the word itself in the definition.","What is the definition of the word ""y""?",echo,
Gemma3-4B-pt,51,contest,"What is the most important thing to consider when choosing a topic for a research paper?\n\nA. The audience for the paper\n\nB. The time available to write the paper\n\nC. The amount of information available on the topic\n\nD. The amount of time you have to write the paper\n\nThe following passage is from the first chapter of ""The Art of Racing in the Rain"" by Garth Stein. Read the passage carefully. Then write an essay in which you analyze how Stein uses literary devices to develop the theme.",What is the most important thing to consider when choosing a topic for a research paper?,offtopic,
Gemma3-4B-pt,53,attract,"Define the verb ""attract"" in one short sentence. Use only common English words. Do not use the word itself in the definition.","Define the verb ""attract"" in one short sentence.",echo,
Gemma3-4B-pt,54,slick,"In one sentence, describe how you would define the word ""slick.""\n\nThe verb ""slick"" is defined as: to make smooth and shiny; to make slippery.","In one sentence, describe how you would define the word ""slick.""",definition,q+def
Gemma3-4B-pt,55,pack,Which of the following is a type of symbiotic relationship? commensalism mutualism parasitism predation\n\nQuestion 12 1 pts What is the purpose of the following passage? The purpose of the passage is to entertain the reader. The purpose of the passage is to inform the reader. The purpose of the passage is to persuade the reader.,Which of the following is a type of symbiotic relationship? commensalism mutualism parasitism predation,offtopic,
Gemma3-4B-pt,56,take,"The word ""take"" is a verb that means to seize, capture, or obtain something forcefully or by stealth. It can also refer to the act of receiving or accepting something, often in a passive manner.","The word ""take"" is a verb that means to seize, capture, or obtain something forcefully or by stealth.",definition,wrong-pos
Gemma3-4B-pt,57,formation,"What are the three parts of a cell?\n\nThe three parts of a cell are the nucleus, the cytoplasm, and the cell membrane.",What are the three parts of a cell?,offtopic,
Gemma3-4B-pt,60,issue,"What is the difference between a noun and a pronoun?\n\nDefine the noun ""issue"" in one short sentence. Use only common English words. Do not use the word itself in the definition.",What is the difference between a noun and a pronoun?,echo,
Gemma3-4B-pt,63,three,"Define the adjective ""three"" in one short sentence. Use only common English words. Do not use the word itself in the definition.","Define the adjective ""three"" in one short sentence.",echo,
Gemma3-4B-pt,66,comic,"What is the most important factor in a successful marriage?\n\nThe ""comic"" is the most important factor in a successful marriage.",What is the most important factor in a successful marriage?,offtopic,
Gemma3-4B-pt,70,wear,"Which of the following is NOT an example of a chemical change? a. burning wood b. boiling water c. rusting metal d. ice melting\n\nWhat is the main difference between a physical change and a chemical change? A physical change changes the appearance of a substance, but a chemical change changes its chemical composition. A chemical change changes the appearance of a substance, but a physical change changes its chemical composition. A physical change is a change in a substance's state of matter, but a chemical change is a change in a substance's chemical composition. A chemical change is a change in a substance's state of matter, but a physical change is a change in a substance's chemical composition.",Which of the following is NOT an example of a chemical change? a. burning wood b. boiling water c. rusting metal d. ice melting,offtopic,
Gemma3-4B-pt,74,midnight,Midnight is a time of day when it is dark and quiet. It is the time between the end of the day and the beginning of the morning.,Midnight is a time of day when it is dark and quiet.,definition,
Gemma3-4B-pt,76,draped,"Define the word ""draped"" in one short sentence. Use only common English words. Do not use the word itself in the definition.","Define the word ""draped"" in one short sentence.",echo,
Gemma3-4B-pt,80,yes,"This is a trick question. The answer is ""no"".",This is a trick question.,offtopic,
Gemma3-4B-pt,81,counterpoint,"What is the meaning of the word ""counterpoint"" in the following sentence?\n\nThe counterpoint between the two characters was a beautiful example of the art of dialogue.","What is the meaning of the word ""counterpoint"" in the following sentence?",question,
Gemma3-4B-pt,82,nail,"Define the noun ""nail"" in one short sentence. Use only common English words. Do not use the word itself in the definition.","Define the noun ""nail"" in one short sentence.",echo,
Gemma3-4B-pt,83,childhood,"Define the word ""childhood"" in one sentence using only common English words. Do not use the word itself in the definition.","Define the word ""childhood"" in one sentence using only common English words.",echo,
Gemma3-4B-pt,84,frame,"Define the verb ""frame"" in one short sentence. Use only common English words. Do not use the word itself in the definition.","Define the verb ""frame"" in one short sentence.",echo,
Gemma3-4B-pt,85,group,"Define the noun ""group"" in one short sentence. Use only common English words. Do not use the word itself in the definition.","Define the noun ""group"" in one short sentence.",echo,
Gemma3-4B-pt,86,pierre,"What is the correct meaning of the word ""unfathomable""? The ocean's depth was unfathomable. too deep to measure too hot to touch too loud to hear too fast to see","What is the correct meaning of the word ""unfathomable""?",offtopic,wrong-word
Gemma3-4B-pt,88,performer,"Define the noun ""performer"" in one short sentence. Use only common English words. Do not use the word itself in the definition.","Define the noun ""performer"" in one short sentence.",echo,
Gemma3-4B-pt,92,partition,"Define the verb ""partition"" in one short sentence. Use only common English words. Do not use the word itself in the definition.","Define the verb ""partition"" in one short sentence.",echo,
Gemma3-12B-pt,4,pinpoint,"What is the definition of the word ""pinpoint""?\n\nThe word ""pinpoint"" is used to describe a very precise and accurate location or position.","What is the definition of the word ""pinpoint""?",definition,q+def
Gemma3-12B-pt,6,sunlight,"Define the noun ""sunlight"" in one short sentence. Use only common English words. Do not use the word itself in the definition.","Define the noun ""sunlight"" in one short sentence.",echo,
Gemma3-12B-pt,7,send,"The answer is ""to transport.""\n\nNow define the verb ""receive"" in one short sentence. Use only common English words. Do not use the word itself in the definition.","The answer is ""to transport.""",definition,format + trailing-junk
Gemma3-12B-pt,8,worldly,"The adjective ""worldly"" means ""relating to the world"" or ""worldly-wise."" It is used to describe something that is experienced, knowledgeable, or practical about the world.","The adjective ""worldly"" means ""relating to the world"" or ""worldly-wise.""",definition,
Gemma3-12B-pt,9,clip,Clip (verb)\n\nDefinition:\n\nTo fasten or attach something by means of a clip.,Clip (verb),definition,format
Gemma3-12B-pt,20,professional,"The adjective ""professional"" means ""relating to a job that requires special training and experience.""\n\nDefine the adjective ""professional"" in one short sentence. Use only common English words. Do not use the word itself in the definition.","The adjective ""professional"" means ""relating to a job that requires special training and experience.""",definition,trailing-junk
Gemma3-12B-pt,21,awake,"The word ""awake"" is an adjective, so it is used to describe a noun. The noun it describes is ""I"".","The word ""awake"" is an adjective, so it is used to describe a noun.",offtopic,
Gemma3-12B-pt,25,birthplace,"Define the noun ""birthplace"" in one short sentence. Use only common English words. Do not use the word itself in the definition.","Define the noun ""birthplace"" in one short sentence.",echo,
Gemma3-12B-pt,31,devise,"Define the verb ""devise"" in one short sentence. Use only common English words. Do not use the word itself in the definition.","Define the verb ""devise"" in one short sentence.",echo,
Gemma3-12B-pt,35,ardent,"What is the definition of the word ""ardent"" as used in the following sentence? ""The ardent fans cheered the team on to victory.""\nWhich of the following is the best definition of the word ""ardent"" as used in the following sentence? ""The ardent fans cheered the team on to victory.""\nDefine the adjective ""ardent"" in one short sentence. Use only common English words. Do not use the word itself in the definition.","What is the definition of the word ""ardent"" as used in the following sentence?",question,
Gemma3-12B-pt,36,handkerchief,"This is a very difficult problem. I have a solution, but I am not sure it is correct. I would be grateful for any comments.",This is a very difficult problem.,offtopic,
Gemma3-12B-pt,41,gigantic,"Define the adjective ""gigantic"" in one short sentence. Use only common English words. Do not use the word itself in the definition.","Define the adjective ""gigantic"" in one short sentence.",echo,
Gemma3-12B-pt,42,roar,"What is the difference between a verb and an adverb?\nWhat is the difference between a noun and a pronoun?\nDefine the noun ""water"" in one short sentence. Use only common English words. Do not use the word itself in the definition.",What is the difference between a verb and an adverb?,echo,wrong-word
Gemma3-12B-pt,50,eminent,"The word ""eminent"" is an adjective that describes a person or thing that is highly respected or regarded. It implies that someone or something is of great importance, significance, or distinction.","The word ""eminent"" is an adjective that describes a person or thing that is highly respected or regarded.",definition,
Gemma3-12B-pt,51,contest,Example:\n\n<blockquote>A contest is a competition between two or more people or teams.</blockquote>\n\nI'm trying to write a short program that defines a word.,Example: A contest is a competition between two or more people or teams.,definition,format + trailing-junk
Gemma3-12B-pt,54,slick,"The word ""slick"" is a slang term that is used to describe someone or something that is smooth, polished, or stylish. It can also be used to describe someone who is clever or cunning in a way that is not necessarily positive.","The word ""slick"" is a slang term that is used to describe someone or something that is smooth, polished, or stylish.",definition,
Gemma3-12B-pt,56,take,"The word ""take"" is a verb that means to seize or capture something, to remove or withdraw something, or to accept or receive something. It can also mean to consume or ingest something, or to participate in an activity or event.","The word ""take"" is a verb that means to seize or capture something, to remove or withdraw something, or to accept or receive something.",definition,wrong-pos
Gemma3-12B-pt,58,surprise,"This is a challenge. It is not a test. There is no ""correct"" answer.",This is a challenge.,offtopic,task-meta
Gemma3-12B-pt,60,issue,"The word ""issue"" has many meanings. I am looking for the meaning that is used in the following sentence:\n\n""The issue of the book is the date on which the book is published.""\n\nIn the above sentence, ""issue"" is used as a verb. I am looking for the meaning of ""issue"" as a noun.","The word ""issue"" has many meanings.",question,
Gemma3-12B-pt,62,string,"What is a string?\n\nA string is a data type in programming that is used to represent text or a sequence of characters. It is a sequence of characters enclosed in single or double quotes. Strings are used to store and manipulate textual data, such as names, addresses, or any other information that can be represented as text.",What is a string?,definition,q+def
Gemma3-12B-pt,63,three,"Define the adjective ""three"" in one short sentence. Use only common English words. Do not use the word itself in the definition.","Define the adjective ""three"" in one short sentence.",echo,
Gemma3-12B-pt,65,commission,"The word ""commission"" can be used in a variety of contexts, but it generally refers to the act of giving someone the authority or responsibility to carry out a specific task or project. In the context of art, it can also refer to the act of hiring an artist to create a piece of art.","The word ""commission"" can be used in a variety of contexts, but it generally refers to the act of giving someone the authority or responsibility to carry out a specific task or project.",definition,
Gemma3-12B-pt,69,rehabilitation,"The noun ""rehabilitation"" means\n\n1. the act of restoring something to its original state or condition.","The noun ""rehabilitation"" means",definition,format
Gemma3-12B-pt,71,interchange,"In a 2009 interview with the New York Times, the writer and activist Naomi Klein said, “I think there’s a lot of confusion about what ‘interchangeability’ is. It’s not about having the same skill set. It’s about having the same value.” She was talking about the way people are treated in the workplace, but the same idea applies to people in general.","In a 2009 interview with the New York Times, the writer and activist Naomi Klein said, “I think there’s a lot of confusion about what ‘interchangeability’ is.",offtopic,
Gemma3-12B-pt,74,midnight,midnight\nnoun\n1. the middle of the night\n2. the time between 12:00 a.m. and 1:00 a.m.,midnight,definition,format
Gemma3-12B-pt,76,draped,"Define the adjective ""draped"" in one short sentence. Use only common English words. Do not use the word itself in the definition.","Define the adjective ""draped"" in one short sentence.",echo,
Gemma3-12B-pt,79,humanism,"What is the best way to define humanism?\n\nHumanism is a philosophy that emphasizes human potential, individual freedom, and reason as the basis for knowledge and morality.",What is the best way to define humanism?,definition,q+def
Gemma3-12B-pt,81,counterpoint,"What is the meaning of the word ""counterpoint"" as it is used in paragraph 1? A. to create an effect B. to make a change C. to make a comparison D. to create a conflict\n\nThe word ""counterpoint"" means: A. to create an effect B. to make a change C. to make a comparison D. to create a conflict\n\n---\n\nHere's the answer and explanation:\n\nThe correct answer is B. to make a change.","What is the meaning of the word ""counterpoint"" as it is used in paragraph 1?",definition,"q+def + format; multiple-choice, chosen answer is a gloss"
Gemma3-12B-pt,83,childhood,"I'm not sure how to approach this problem. I know that childhood is a noun, but I'm not sure how to define it in a sentence.",I'm not sure how to approach this problem.,refusal,says it is not sure how to define it
Gemma3-12B-pt,84,frame,"Define the verb ""frame"" in one short sentence. Use only common English words. Do not use the word itself in the definition.","Define the verb ""frame"" in one short sentence.",echo,
Gemma3-12B-pt,88,performer,"Define the noun ""performer"" in one short sentence. Use only common English words. Do not use the word itself in the definition.","Define the noun ""performer"" in one short sentence.",echo,
Gemma3-12B-pt,89,efficient,"The adjective ""efficient"" is defined as ""productive and effective in the use of time and resources.""\n\nThis is a simple definition of the adjective ""efficient"" using common English words. It conveys the idea that being efficient means using time and resources in a productive and effective way.","The adjective ""efficient"" is defined as ""productive and effective in the use of time and resources.""",definition,
Gemma3-12B-pt,99,acknowledge,Which of the following is a type of figurative language? A. A simile B. A metaphor C. A personification D. All of the above,Which of the following is a type of figurative language?,offtopic,
Gemma3-12B-pt,102,formed,"In one sentence, define the noun ""form"" in one short sentence. Use only common English words. Do not use the word itself in the definition.","In one sentence, define the noun ""form"" in one short sentence.",echo,wrong-word
Gemma3-27B-pt,6,sunlight,"Define the noun ""sunlight"" in one short sentence. Use only common English words. Do not use the word itself in the definition.","Define the noun ""sunlight"" in one short sentence.",echo,
Gemma3-27B-pt,7,send,"The answer is:\n\nThe definition of the verb ""send"" in one short sentence is: ""to cause something to go to a place or person.""\n\nThe definition of the verb ""send"" in one short sentence is: ""to cause something to go to a place or person.""\n\nThe verb ""send"" is a transitive verb, which means it requires a direct object to complete its meaning. In the sentence ""I sent a letter to my friend,"" the word ""letter"" is the direct object, and it is the thing that is being sent.","The answer is: The definition of the verb ""send"" in one short sentence is: ""to cause something to go to a place or person.""",definition,format + trailing-junk
Gemma3-27B-pt,9,clip,"I've been trying to define this word for a while and I can't think of a good definition. I've tried ""to cut with scissors"" but it doesn't seem to fit all the meanings of the word.",I've been trying to define this word for a while and I can't think of a good definition.,unclear,"forum-style musing, tentative gloss (""to cut with scissors"") only as something it tried"
Gemma3-27B-pt,12,tenth,"What is the meaning of the word ""tenth""?\n\nWhat is the meaning of the word ""tenth""?\n\nThe meaning of the word ""tenth"" is the number 10.","What is the meaning of the word ""tenth""?",definition,q+def
Gemma3-27B-pt,20,professional,The word professional is a noun. The adjective form of the word is professional.,The word professional is a noun.,restatement,pos-only
Gemma3-27B-pt,22,branch,"Which word means ""a small branch or twig""?\n\nWhat is the meaning of the word ""branch"" in the following sentence?\n\nThe bank has branches in every town.","Which word means ""a small branch or twig""?",question,
Gemma3-27B-pt,24,confirmed,"Define the adjective ""confirmed"" in one short sentence. Use only common English words. Do not use the word itself in the definition.","Define the adjective ""confirmed"" in one short sentence.",echo,
Gemma3-27B-pt,25,birthplace,"Define the noun ""birthplace"" in one short sentence. Use only common English words. Do not use the word itself in the definition.","Define the noun ""birthplace"" in one short sentence.",echo,
Gemma3-27B-pt,27,conquest,"The conquest of the Aztecs by the Spanish in 1521 was a pivotal moment in history, marking the end of the Aztec Empire and the beginning of Spanish colonization in the Americas. The conquest was led by Hernán Cortés, a Spanish conquistador who arrived in Mexico in 1519 with a small army of soldiers and horses. The Aztecs, led by their emperor Moctezuma II, initially welcomed the Spanish, believing they were gods. However, as the Spanish began to assert their dominance and exploit the Aztec people, tensions rose. The Spanish were able to defeat the Aztecs through a combination of military tactics, alliances with other indigenous groups, and the spread of disease, which decimated the Aztec population. The conquest had far-reaching consequences, including the destruction of Aztec culture and the imposition of Spanish rule, which would last for centuries.","The conquest of the Aztecs by the Spanish in 1521 was a pivotal moment in history, marking the end of the Aztec Empire and the beginning of Spanish colonization in the Americas.",offtopic,
Gemma3-27B-pt,31,devise,"Define the verb ""devise"" in one short sentence. Use only common English words. Do not use the word itself in the definition.","Define the verb ""devise"" in one short sentence.",echo,
Gemma3-27B-pt,32,decrease,"""To make smaller or less""\nWhat is the opposite of ""decrease""?\n""To increase""\nDefine the verb ""decrease"" in one short sentence. Use only common English words. Do not use the word itself in the definition.","""To make smaller or less""",definition,trailing-junk
Gemma3-27B-pt,36,handkerchief,"I have been working on a program that takes a sentence and a word, and then determines if the word is in the sentence. The program is supposed to work by splitting the sentence into words and then checking each word to see if it is the same as the word being searched for.","I have been working on a program that takes a sentence and a word, and then determines if the word is in the sentence.",offtopic,
Gemma3-27B-pt,37,infantry,"Which of the following is the best definition of ""infantry""?\n\nInfantry is a type of military unit that fights on foot.","Which of the following is the best definition of ""infantry""?",definition,q+def
Gemma3-27B-pt,40,distress,"What is the verb ""distress"" in the following sentence? ""The man's distress was evident in his face.""","What is the verb ""distress"" in the following sentence?",offtopic,
Gemma3-27B-pt,41,gigantic,"Define the adjective ""gigantic"" in one short sentence. Use only common English words. Do not use the word itself in the definition.","Define the adjective ""gigantic"" in one short sentence.",echo,
Gemma3-27B-pt,44,y,"What is the definition of the word ""y""?\n\nDefine the noun ""y"" in one short sentence. Use only common English words. Do not use the word itself in the definition.","What is the definition of the word ""y""?",echo,
Gemma3-27B-pt,45,asleep,"Define the adjective ""asleep"" in one short sentence. Use only common English words. Do not use the word itself in the definition.","Define the adjective ""asleep"" in one short sentence.",echo,
Gemma3-27B-pt,51,contest,"What is the noun ""contest"" in one short sentence? Use only common English words. Do not use the word itself in the definition.","What is the noun ""contest"" in one short sentence?",echo,
Gemma3-27B-pt,58,surprise,"This is a problem that has been posed to me several times by my friends and I have always failed to answer it. I have tried to think of a good answer to this problem, but I have failed to come up with a good answer. I would like to know what you think.",This is a problem that has been posed to me several times by my friends and I have always failed to answer it.,offtopic,
Gemma3-27B-pt,60,issue,"What is the difference between a noun and a pronoun?\n\nDefine the noun ""issue"" in one short sentence. Use only common English words. Do not use the word itself in the definition.",What is the difference between a noun and a pronoun?,echo,
Gemma3-27B-pt,62,string,"What is the definition of the word ""string""?\n\nA string is a long, thin piece of material that is used to tie things together or to make something.","What is the definition of the word ""string""?",definition,q+def
Gemma3-27B-pt,63,three,"Define the adjective ""three"" in one short sentence. Use only common English words. Do not use the word itself in the definition.","Define the adjective ""three"" in one short sentence.",echo,
Gemma3-27B-pt,67,biography,What is the main purpose of the author in this passage? A. to describe the process of creating a biography B. to explain why it is important to read biographies C. to convince readers that they should write biographies D. to provide examples of how to write a biography\n\nWhat is the main idea of the passage? A. Biographies can be written about anyone. B. Biographies are interesting to read. C. Biographies are written about real people. D. Biographies are difficult to write.,What is the main purpose of the author in this passage?,offtopic,
Gemma3-27B-pt,71,interchange,"What is the name of the process of moving a group of cells from one worksheet to another?\n\nWhich of the following is the correct way to reference cell A1 in a formula?\n\nWhat is the name of the process of moving a group of cells from one worksheet to another?\n\nWhich of the following is the correct way to reference cell A1 in a formula?\n\n---\n\nHere is your answer:\n\nThe verb ""interchange"" means to exchange or swap two or more things.",What is the name of the process of moving a group of cells from one worksheet to another?,offtopic,
Gemma3-27B-pt,74,midnight,"midnight is the time of day when it is exactly twelve o'clock at night\n\nThe noun 'midnight' is a word for a specific time of day; it is a common noun, a word for any time of day; a general word, not the name of a person, place, or thing.",midnight is the time of day when it is exactly twelve o'clock at night,definition,trailing-junk
Gemma3-27B-pt,76,draped,"Define the adjective ""draped"" in one short sentence. Use only common English words. Do not use the word itself in the definition.","Define the adjective ""draped"" in one short sentence.",echo,
Gemma3-27B-pt,79,humanism,"What is the meaning of the word ""humanism"" in this context?\n\nA. The study of human nature.","What is the meaning of the word ""humanism"" in this context?",definition,q+def + format
Gemma3-27B-pt,80,yes,This is a very simple question. I'm not sure if there is a simple answer.,This is a very simple question.,offtopic,
Gemma3-27B-pt,82,nail,"Define the noun ""nail"" in one short sentence. Use only common English words. Do not use the word itself in the definition.","Define the noun ""nail"" in one short sentence.",echo,
Gemma3-27B-pt,83,childhood,"Define the noun ""childhood"" in one short sentence. Use only common English words. Do not use the word itself in the definition.","Define the noun ""childhood"" in one short sentence.",echo,
Gemma3-27B-pt,84,frame,"Define the verb ""frame"" in one short sentence. Use only common English words. Do not use the word itself in the definition.","Define the verb ""frame"" in one short sentence.",echo,
Gemma3-27B-pt,85,group,"Define the verb ""group"" in one short sentence. Use only common English words. Do not use the word itself in the definition.","Define the verb ""group"" in one short sentence.",echo,
Gemma3-27B-pt,87,european,"""European"" is an adjective that describes something or someone originating from or related to Europe, a continent located in the Northern Hemisphere and Western Hemisphere. It is characterized by its diverse cultures, languages, and histories, and is known for its contributions to art, science, philosophy, and politics.","""European"" is an adjective that describes something or someone originating from or related to Europe, a continent located in the Northern Hemisphere and Western Hemisphere.",definition,
Gemma3-27B-pt,88,performer,"Define the noun ""performer"" in one short sentence. Use only common English words. Do not use the word itself in the definition.","Define the noun ""performer"" in one short sentence.",echo,
Gemma3-27B-pt,92,partition,"Define the verb ""partition"" in one short sentence. Use only common English words. Do not use the word itself in the definition.","Define the verb ""partition"" in one short sentence.",echo,
Gemma3-27B-pt,102,formed,"In one short sentence, define the noun ""form"" in common English. Do not use the word itself in the definition.","In one short sentence, define the noun ""form"" in common English.",echo,wrong-word
