key,n_nodes,n_edges,obs_pairs,null_mean_pairs,null_sd_pairs,R,R_ci_lo,R_ci_hi,R_analytic,kernel_obs,kernel_null,kernel_z,swap_failures,replicates
main__Qwen2.5-0.5B,2750,6999,52,2.7,1.52,19.259,17.333,21.667,9.717,0.13891,0.18524,-4.39,0,100
main__Qwen2.5-1.5B,2750,5074,46,2.68,1.37,17.164,15.593,19.008,17.241,0.08145,0.10804,-2.067,0,100
main__Qwen2.5-3B,2750,4880,61,3.93,1.387,15.522,14.489,16.667,24.978,0.10691,0.09261,1.242,0,100
main__Qwen2.5-7B,2750,5054,80,3.88,1.306,20.619,19.324,22.039,23.705,0.13491,0.12735,0.745,0,100
main__Qwen2.5-14B,2750,5343,47,3.02,1.442,15.563,14.242,17.153,17.096,0.07818,0.06129,1.693,0,100
main__Qwen2.5-32B,2750,5104,36,1.1,0.975,32.727,27.692,39.13,17.663,0.06982,0.04355,2.058,0,100
main__Qwen2.5-72B,2750,5085,82,6.65,1.117,12.331,11.936,12.733,27.014,0.09745,0.08893,0.857,0,100
main__Qwen3-0.6B,2750,4939,17,1.94,1.008,8.763,7.944,9.77,8.67,0.03418,0.03021,0.312,0,100
main__Qwen3-1.7B,2750,7087,53,3.04,1.655,17.434,15.727,19.485,9.559,0.12182,0.14187,-1.727,0,100
main__Qwen3-4B,2750,5113,43,3.42,1.372,12.573,11.685,13.651,15.151,0.07018,0.07056,-0.039,0,100
main__Qwen3-8B,2750,6220,51,1.74,1.316,29.31,25.5,34.228,13.072,0.08727,0.10353,-1.722,0,100
main__Qwen3-14B,2750,5869,50,2.58,1.226,19.38,17.668,21.277,15.832,0.088,0.08173,0.655,0,100
main__Gemma3-1B,2750,4448,34,0.8,0.872,42.5,35.052,53.968,17.404,0.05855,0.03925,1.684,0,100
main__Gemma3-4B,2750,5842,47,1.68,1.165,27.976,24.607,32.192,14.538,0.08655,0.08611,0.041,0,100
main__Gemma3-12B,2750,7052,78,3.04,1.679,25.658,23.213,28.676,15.333,0.11855,0.12518,-0.584,0,100
main__Gemma3-27B,2750,7896,71,2.79,1.645,25.448,22.83,28.745,11.243,0.12509,0.13769,-1.391,0,100
main__Gemma3-270M-pt,2750,2358,4,1.32,0.546,3.03,2.797,3.279,5.934,0.01018,0.00395,1.682,0,100
main__Gemma3-1B-pt,2750,3249,3,0.45,0.698,6.0,5.085,6.0,3.811,0.01382,0.00367,2.454,0,100
main__Gemma3-4B-pt,2750,2904,11,1.31,0.523,8.397,7.746,9.091,13.791,0.02945,0.00811,3.247,0,100
main__Gemma3-12B-pt,2750,3268,7,3.33,1.087,2.102,1.977,2.244,9.638,0.02255,0.01967,0.263,0,100
main__Gemma3-27B-pt,2750,2812,14,2.85,1.062,4.912,4.575,5.303,18.143,0.03273,0.01547,1.595,0,100
main__Qwen3-4B-Instruct-2507,2750,5904,33,1.8,1.273,18.333,16.019,21.29,9.317,0.06655,0.06211,0.517,0,100
main__wordnet,2750,4599,27,1.72,1.105,15.698,13.918,17.881,9.392,0.15891,0.15993,-0.082,0,100
