id,tab,row,word,first_pass_label,first_pass_note,stored,shown
1,Gemma3-12B-pt,54,slick,definition,,"The word ""slick"" is a slang term that is used to describe someone or something that is smooth, polished, or stylish. It can also be used to describe someone who is clever or cunning in a way that is not necessarily positive.","The word ""slick"" is a slang term that is used to describe someone or something that is smooth, polished, or stylish."
2,Gemma3-12B-pt,79,humanism,definition,q+def,"What is the best way to define humanism?\n\nHumanism is a philosophy that emphasizes human potential, individual freedom, and reason as the basis for knowledge and morality.",What is the best way to define humanism?
3,Gemma3-1B-pt,56,take,definition,trailing-junk + wrong-pos,"The noun ""take"" can mean a number of things. In this lesson, we'll be focusing on the verb ""take.""\n\nThe verb ""take"" means to do something to something.","The noun ""take"" can mean a number of things."
4,Gemma3-1B-pt,19,considerable,definition,,Considerable is a very large amount of something. It can be used to describe something that is a lot of things.,Considerable is a very large amount of something.
5,Gemma3-1B-pt,69,rehabilitation,definition,,"The word ""rehabilitation"" has a variety of meanings. One of the most common is ""the act of making someone better."" In this sense, rehabilitation is used to describe the process of getting a person back to full health after an illness or injury. For example, a person who has suffered a stroke may need rehabilitation to learn how to walk and use their arms and hands again.","The word ""rehabilitation"" has a variety of meanings."
6,Gemma3-12B-pt,50,eminent,definition,,"The word ""eminent"" is an adjective that describes a person or thing that is highly respected or regarded. It implies that someone or something is of great importance, significance, or distinction.","The word ""eminent"" is an adjective that describes a person or thing that is highly respected or regarded."
7,Gemma3-270M-pt,69,rehabilitation,definition,,"The word ""rehabilitation"" has a variety of meanings. It is used to describe a person who has been diagnosed with a disability. It can also be used to describe the process of changing a person's life.","The word ""rehabilitation"" has a variety of meanings."
8,Gemma3-12B-pt,69,rehabilitation,definition,format,"The noun ""rehabilitation"" means\n\n1. the act of restoring something to its original state or condition.","The noun ""rehabilitation"" means"
9,Gemma3-27B-pt,37,infantry,definition,q+def,"Which of the following is the best definition of ""infantry""?\n\nInfantry is a type of military unit that fights on foot.","Which of the following is the best definition of ""infantry""?"
10,Gemma3-27B-pt,79,humanism,definition,q+def + format,"What is the meaning of the word ""humanism"" in this context?\n\nA. The study of human nature.","What is the meaning of the word ""humanism"" in this context?"
11,Gemma3-12B-pt,4,pinpoint,definition,q+def,"What is the definition of the word ""pinpoint""?\n\nThe word ""pinpoint"" is used to describe a very precise and accurate location or position.","What is the definition of the word ""pinpoint""?"
12,Gemma3-4B-pt,17,strait,definition,,"The word ""strait"" refers to a narrow passage of water that connects two larger bodies of water. It is a narrow and usually shallow channel that allows ships to navigate between two bodies of water. Straits are often formed by the action of rivers or glaciers, and they can be found in various parts of the world.","The word ""strait"" refers to a narrow passage of water that connects two larger bodies of water."
13,Gemma3-12B-pt,8,worldly,definition,,"The adjective ""worldly"" means ""relating to the world"" or ""worldly-wise."" It is used to describe something that is experienced, knowledgeable, or practical about the world.","The adjective ""worldly"" means ""relating to the world"" or ""worldly-wise."""
14,Gemma3-1B-pt,13,bobby,definition,q+def,"What is the meaning of the word ""bobby""?\n\nThe word ""bobby"" is used to describe someone who is very friendly, outgoing, and fun-loving. It is often used to describe someone who is always willing to help others and is always willing to lend a helping hand.","What is the meaning of the word ""bobby""?"
15,Gemma3-12B-pt,56,take,definition,wrong-pos,"The word ""take"" is a verb that means to seize or capture something, to remove or withdraw something, or to accept or receive something. It can also mean to consume or ingest something, or to participate in an activity or event.","The word ""take"" is a verb that means to seize or capture something, to remove or withdraw something, or to accept or receive something."
16,Gemma3-1B-pt,50,eminent,definition,,"The adjective ""eminent"" is a word that describes something that is very important or that is very good. It means ""very important"" or ""very good."" The word ""eminent"" is often used to describe people or things that are very important or very good.","The adjective ""eminent"" is a word that describes something that is very important or that is very good."
17,Gemma3-270M-pt,84,frame,definition,,Frame is a verb. It means to frame a frame.,Frame is a verb.
18,Gemma3-270M-pt,9,clip,definition,format,"A. ""clip""\n\nB. ""clip""\n\nC. ""clip""\n\nD. ""clip""\n\nE. ""clip""\n\n<strong>Answer:</strong>\n\nD\n\n<strong>Explanation:</strong>\n\n<strong>Answer:</strong>\n\n<strong>A.</strong>\n\n<strong>Explanation:</strong>\n\n<strong>Answer:</strong>\n\n<strong>A.</strong>\n\n<strong>Explanation:</strong>\n\nThe word ""clip"" is the plural form of ""clip"" which means ""to clip"".","""clip"""
19,Gemma3-1B-pt,98,bias,definition,echo+def; gloss embedded in echoed instructions,"The verb ""bias"" is defined as ""to favor one side over another"" in one short sentence. Use only common English words. Do not use the word itself in the definition.","The verb ""bias"" is defined as ""to favor one side over another"" in one short sentence."
20,Gemma3-12B-pt,81,counterpoint,definition,"q+def + format; multiple-choice, chosen answer is a gloss","What is the meaning of the word ""counterpoint"" as it is used in paragraph 1? A. to create an effect B. to make a change C. to make a comparison D. to create a conflict\n\nThe word ""counterpoint"" means: A. to create an effect B. to make a change C. to make a comparison D. to create a conflict\n\n---\n\nHere's the answer and explanation:\n\nThe correct answer is B. to make a change.","What is the meaning of the word ""counterpoint"" as it is used in paragraph 1?"
21,Gemma3-270M-pt,11,failing,definition,trailing-junk,"What does the word ""failing"" mean in the sentence?\n\nThe word ""failing"" is used to describe a situation in which a person or thing is unable to do something or do something properly. It can also mean a situation where something is not working as it should.","What does the word ""failing"" mean in the sentence?"
22,Gemma3-1B-pt,83,childhood,definition,,"""Childhood"" is a noun that refers to the time when a person is a child. It is a time of innocence, happiness, and joy. Childhood is a special time in a person's life, and it is important to cherish it.","""Childhood"" is a noun that refers to the time when a person is a child."
23,Gemma3-4B-pt,74,midnight,definition,,Midnight is a time of day when it is dark and quiet. It is the time between the end of the day and the beginning of the morning.,Midnight is a time of day when it is dark and quiet.
24,Gemma3-4B-pt,56,take,definition,wrong-pos,"The word ""take"" is a verb that means to seize, capture, or obtain something forcefully or by stealth. It can also refer to the act of receiving or accepting something, often in a passive manner.","The word ""take"" is a verb that means to seize, capture, or obtain something forcefully or by stealth."
25,Gemma3-12B-pt,20,professional,definition,trailing-junk,"The adjective ""professional"" means ""relating to a job that requires special training and experience.""\n\nDefine the adjective ""professional"" in one short sentence. Use only common English words. Do not use the word itself in the definition.","The adjective ""professional"" means ""relating to a job that requires special training and experience."""
26,Gemma3-4B-pt,54,slick,definition,q+def,"In one sentence, describe how you would define the word ""slick.""\n\nThe verb ""slick"" is defined as: to make smooth and shiny; to make slippery.","In one sentence, describe how you would define the word ""slick."""
27,Gemma3-270M-pt,33,employee,definition,,"The term ""employee"" can be used to describe any person who works for a business or organization. It can be a person who works for a company, a union, or a government agency.","The term ""employee"" can be used to describe any person who works for a business or organization."
28,Gemma3-4B-pt,36,handkerchief,definition,,"The word handkerchief is a noun that refers to a small, square or rectangular piece of cloth used for wiping the nose or face. It is often made of cotton or linen and can be folded or rolled into a pocket-sized handkerchief.","The word handkerchief is a noun that refers to a small, square or rectangular piece of cloth used for wiping the nose or face."
29,Gemma3-270M-pt,78,comment,definition,format,"<strong><em><strong><em>Comment</em></strong></em></strong> is a verb that means ""to write something down"". In the sentence below, <strong><em><strong><em>Comment</em></strong></em></strong> is used to describe a writer's opinion about something.","Comment is a verb that means ""to write something down""."
30,Gemma3-1B-pt,60,issue,definition,,"The word ""issue"" is used in a variety of contexts. For example, it may refer to a person's political beliefs, the state of a relationship, a legal issue, or the outcome of a court case. The word is also used in legal contexts, such as in a lawsuit or a court case.","The word ""issue"" is used in a variety of contexts."
31,Gemma3-270M-pt,29,flooring,definition,,"The flooring in a room is a type of material that is used to protect it from damage. It is made of materials like wood, metal, or plastic. It is usually made from wood or metal.",The flooring in a room is a type of material that is used to protect it from damage.
32,Gemma3-27B-pt,32,decrease,definition,trailing-junk,"""To make smaller or less""\nWhat is the opposite of ""decrease""?\n""To increase""\nDefine the verb ""decrease"" in one short sentence. Use only common English words. Do not use the word itself in the definition.","""To make smaller or less"""
33,Gemma3-1B-pt,51,contest,definition,q+def + format,"What is the correct spelling of the word ""contest""?\n\nA. contest\n\nB. contest\n\nC. contest\n\nD. contest\n\nThe word ""contest"" is defined as a competition or a competition.","What is the correct spelling of the word ""contest""?"
34,Gemma3-12B-pt,51,contest,definition,format + trailing-junk,Example:\n\n<blockquote>A contest is a competition between two or more people or teams.</blockquote>\n\nI'm trying to write a short program that defines a word.,Example: A contest is a competition between two or more people or teams.
35,Gemma3-270M-pt,50,eminent,definition,,"The term ""eminent"" is used to describe the highest level of power, authority, or prestige. It is a synonym for ""superior.""\n\nA person who is a ""eminent"" in a situation is someone who is highly respected, respected, or admired by others.","The term ""eminent"" is used to describe the highest level of power, authority, or prestige."
36,Gemma3-12B-pt,65,commission,definition,,"The word ""commission"" can be used in a variety of contexts, but it generally refers to the act of giving someone the authority or responsibility to carry out a specific task or project. In the context of art, it can also refer to the act of hiring an artist to create a piece of art.","The word ""commission"" can be used in a variety of contexts, but it generally refers to the act of giving someone the authority or responsibility to carry out a specific task or project."
37,Gemma3-27B-pt,9,clip,unclear,"forum-style musing, tentative gloss (""to cut with scissors"") only as something it tried","I've been trying to define this word for a while and I can't think of a good definition. I've tried ""to cut with scissors"" but it doesn't seem to fit all the meanings of the word.",I've been trying to define this word for a while and I can't think of a good definition.
38,Gemma3-27B-pt,12,tenth,definition,q+def,"What is the meaning of the word ""tenth""?\n\nWhat is the meaning of the word ""tenth""?\n\nThe meaning of the word ""tenth"" is the number 10.","What is the meaning of the word ""tenth""?"
39,Gemma3-1B-pt,73,toynbee,definition,,"The noun ""toynbee"" is a small, wooden toy with a round top that is used to carry small items. It is often used to carry small items like coins, keys, or jewelry.","The noun ""toynbee"" is a small, wooden toy with a round top that is used to carry small items."
40,Gemma3-12B-pt,62,string,definition,q+def,"What is a string?\n\nA string is a data type in programming that is used to represent text or a sequence of characters. It is a sequence of characters enclosed in single or double quotes. Strings are used to store and manipulate textual data, such as names, addresses, or any other information that can be represented as text.",What is a string?
41,Gemma3-1B-pt,28,directory,definition,,"The noun ""directory"" is a term that refers to a list of information or data organized in a structured manner. It is a way to organize and present information in a logical and efficient manner. A directory can be used for a variety of purposes, such as keeping track of important documents, storing contacts, or organizing files.","The noun ""directory"" is a term that refers to a list of information or data organized in a structured manner."
42,Gemma3-1B-pt,23,head,definition,several senses given,The head of a car is the person who controls the steering wheel and accelerator. The head of a football team is the person who controls the play. The head of a department is the person who controls the work of that department. The head of a company is the person who controls the work of all the employees in that company.,The head of a car is the person who controls the steering wheel and accelerator.
43,Gemma3-1B-pt,16,maxwell,definition,,Maxwell is a unit of measurement of electric charge. It is named after the Scottish physicist James Clerk Maxwell.,Maxwell is a unit of measurement of electric charge.
44,Gemma3-27B-pt,87,european,definition,,"""European"" is an adjective that describes something or someone originating from or related to Europe, a continent located in the Northern Hemisphere and Western Hemisphere. It is characterized by its diverse cultures, languages, and histories, and is known for its contributions to art, science, philosophy, and politics.","""European"" is an adjective that describes something or someone originating from or related to Europe, a continent located in the Northern Hemisphere and Western Hemisphere."
45,Gemma3-270M-pt,80,yes,unclear,"format; multiple-choice junk, no meaning","A. ""yes""\n\nB. ""yes""\n\nC. ""yes""\n\nD. ""yes""\n\nE. ""yes""\n\n<strong>Correct Answer:</strong> C\n\n<strong>Solution :</strong>\n\n<strong>Yes</strong><strong>Correct Answer:</strong> C<strong>Correct Answer:</strong> C<strong>Correct Answer:</strong> C\n\n<strong>Solution :</strong>\n\nGiven, ""Yes"" is the correct answer.","""yes"""
46,Gemma3-12B-pt,74,midnight,definition,format,midnight\nnoun\n1. the middle of the night\n2. the time between 12:00 a.m. and 1:00 a.m.,midnight
47,Gemma3-1B-pt,30,impatience,definition,,"The noun ""impatience"" is a noun meaning ""the state of being impatient."" It is a word that is used to describe a feeling of being annoyed or upset because someone is being late or not being able to do something that they want to do.","The noun ""impatience"" is a noun meaning ""the state of being impatient."""
48,Gemma3-27B-pt,7,send,definition,format + trailing-junk,"The answer is:\n\nThe definition of the verb ""send"" in one short sentence is: ""to cause something to go to a place or person.""\n\nThe definition of the verb ""send"" in one short sentence is: ""to cause something to go to a place or person.""\n\nThe verb ""send"" is a transitive verb, which means it requires a direct object to complete its meaning. In the sentence ""I sent a letter to my friend,"" the word ""letter"" is the direct object, and it is the thing that is being sent.","The answer is: The definition of the verb ""send"" in one short sentence is: ""to cause something to go to a place or person."""
49,Gemma3-27B-pt,74,midnight,definition,trailing-junk,"midnight is the time of day when it is exactly twelve o'clock at night\n\nThe noun 'midnight' is a word for a specific time of day; it is a common noun, a word for any time of day; a general word, not the name of a person, place, or thing.",midnight is the time of day when it is exactly twelve o'clock at night
50,Gemma3-270M-pt,14,bury,definition,format,<strong>Explanation:</strong>\n\nI. <strong>Bury</strong> is a verb that means to bury or to bury something. It can also be used to say to bury something.,Explanation: Bury is a verb that means to bury or to bury something.
51,Gemma3-1B-pt,61,potato,definition,trailing-junk,"The word potato comes from the Latin word ""potatis"" which means ""pot-fruit."" Potatoes are actually a type of root vegetable that grows in the ground. Potatoes are a type of tuber that has a sweet, starchy taste.","The word potato comes from the Latin word ""potatis"" which means ""pot-fruit."""
52,Gemma3-270M-pt,72,process,definition,,A process is a sequence of actions that leads to a specific result. It is the result of a sequence of events.,A process is a sequence of actions that leads to a specific result.
53,Gemma3-12B-pt,9,clip,definition,format,Clip (verb)\n\nDefinition:\n\nTo fasten or attach something by means of a clip.,Clip (verb)
54,Gemma3-12B-pt,7,send,definition,format + trailing-junk,"The answer is ""to transport.""\n\nNow define the verb ""receive"" in one short sentence. Use only common English words. Do not use the word itself in the definition.","The answer is ""to transport."""
55,Gemma3-12B-pt,89,efficient,definition,,"The adjective ""efficient"" is defined as ""productive and effective in the use of time and resources.""\n\nThis is a simple definition of the adjective ""efficient"" using common English words. It conveys the idea that being efficient means using time and resources in a productive and effective way.","The adjective ""efficient"" is defined as ""productive and effective in the use of time and resources."""
56,Gemma3-270M-pt,94,climate,definition,,The climate of a place is the weather. It is the weather that is felt by people living there. It is the weather that affects the people who live there.,The climate of a place is the weather.
57,Gemma3-27B-pt,62,string,definition,q+def,"What is the definition of the word ""string""?\n\nA string is a long, thin piece of material that is used to tie things together or to make something.","What is the definition of the word ""string""?"
58,Gemma3-4B-pt,39,regiment,definition,"format; multiple-choice, chosen answer is a gloss",A. to march\n\nB. to be under control\n\nC. to be under discipline\n\nD. to be under punishment\n\nE. to be under order\n\nThe correct answer is B. To be under control.,to march
