id,kind,tab,row,word,first_pass_label,first_pass_note
1,random,Gemma3-4B-pt,38,gallery,definition,
2,random,Gemma3-27B,3,plank,definition,
3,random,Gemma3-1B-pt,71,interchange,definition,
4,random,Qwen2.5-0.5B,52,port,definition,
5,random,Gemma3-4B-pt,95,nude,definition,
6,random,Gemma3-12B-pt,59,pink,refusal,says it cannot define the word without using it
7,random,Gemma3-270M-pt,86,pierre,offtopic,
8,random,Gemma3-270M,92,partition,restatement,
9,random,Gemma3-27B-pt,23,head,question,
10,random,Gemma3-12B,6,sunlight,definition,
11,targeted,Qwen3-0.6B,4,pinpoint,definition,imperative
12,random,Gemma3-270M-pt,4,pinpoint,offtopic,imperative
13,random,Gemma3-27B,53,attract,definition,
14,random,Gemma3-1B-pt,83,childhood,definition,
15,random,Gemma3-1B,71,interchange,definition,
16,random,Gemma3-27B-pt,68,conjugate,definition,format + wrong-pos
17,random,Gemma3-4B,37,infantry,definition,
18,random,Gemma3-4B,83,childhood,definition,
19,random,Gemma3-12B,19,considerable,definition,
20,random,Gemma3-1B,72,process,definition,
21,random,Gemma3-270M-pt,28,directory,offtopic,
22,random,Gemma3-1B,79,humanism,definition,
23,random,Gemma3-4B,21,awake,definition,
24,random,Gemma3-4B,63,three,definition,
25,random,Gemma3-270M-pt,26,human,echo,
26,random,Gemma3-1B,38,gallery,definition,
27,random,Gemma3-270M-pt,20,professional,question,
28,random,Gemma3-27B,64,sue,definition,wrong-pos
29,random,Qwen2.5-0.5B,42,roar,definition,wrong-pos
30,random,Qwen2.5-0.5B,76,draped,definition,circular
31,random,Qwen2.5-0.5B,3,plank,definition,
32,random,Gemma3-270M,11,failing,restatement,
33,random,Gemma3-270M-pt,62,string,offtopic,
34,random,Gemma3-12B-pt,18,habit,question,
35,random,Gemma3-27B-pt,85,group,echo,
36,random,Gemma3-270M-pt,64,sue,echo,
37,random,Gemma3-27B,40,distress,definition,
38,random,Gemma3-27B-pt,13,bobby,offtopic,
39,random,Gemma3-4B-pt,94,climate,offtopic,
40,random,Gemma3-1B,89,efficient,definition,
41,random,Gemma3-12B,92,partition,definition,
42,random,Gemma3-12B-pt,71,interchange,offtopic,
43,random,Gemma3-4B-pt,100,blanket,definition,format + wrong-pos
44,random,Gemma3-27B-pt,83,childhood,echo,
45,random,Gemma3-12B-pt,75,potential,offtopic,
46,random,Gemma3-27B-pt,21,awake,definition,format
47,random,Gemma3-1B-pt,81,counterpoint,question,
48,random,Gemma3-4B,95,nude,definition,
49,random,Gemma3-27B-pt,34,thousand,question,
50,random,Gemma3-1B-pt,22,branch,offtopic,format
51,random,Gemma3-270M,44,y,unclear,empty
52,random,Gemma3-4B-pt,10,yelling,echo,
53,targeted,Qwen3-0.6B,31,devise,offtopic,imperative
54,random,Gemma3-12B-pt,82,nail,offtopic,task-meta
55,random,Gemma3-12B-pt,84,frame,echo,
56,random,Gemma3-1B,49,reactionary,definition,
57,random,Gemma3-270M,15,glad,definition,
58,random,Gemma3-12B-pt,95,nude,offtopic,task-meta
59,random,Gemma3-27B,14,bury,definition,
60,random,Gemma3-1B,75,potential,definition,
61,random,Gemma3-4B-pt,32,decrease,echo,
62,random,Gemma3-27B,44,y,definition,
63,random,Gemma3-12B-pt,15,glad,unclear,"truncated after ""Glad"" means:"
64,random,Gemma3-270M-pt,82,nail,definition,format
65,random,Gemma3-270M,79,humanism,definition,
66,random,Gemma3-12B,41,gigantic,definition,
67,random,Gemma3-27B,60,issue,definition,
68,random,Gemma3-270M,52,port,restatement,
69,targeted,Qwen3-0.6B,47,wait,offtopic,imperative
70,random,Gemma3-4B,101,eat,definition,
71,random,Gemma3-270M,34,thousand,offtopic,
72,random,Gemma3-12B-pt,46,pathetic,definition,
73,random,Qwen2.5-0.5B,78,comment,definition,
74,random,Gemma3-4B-pt,92,partition,echo,
75,random,Qwen2.5-0.5B,67,biography,definition,
76,random,Gemma3-1B,40,distress,definition,
77,random,Gemma3-1B-pt,46,pathetic,definition,
78,random,Gemma3-4B,32,decrease,definition,
79,random,Gemma3-12B,30,impatience,definition,
80,random,Gemma3-270M-pt,42,roar,offtopic,
81,random,Gemma3-27B,32,decrease,definition,
82,targeted,Gemma3-270M-pt,31,devise,offtopic,format
83,random,Gemma3-1B-pt,70,wear,definition,
84,random,Gemma3-4B,90,exploitation,definition,
85,random,Gemma3-1B-pt,18,habit,definition,format
86,random,Gemma3-12B,40,distress,definition,
87,random,Gemma3-27B-pt,11,failing,definition,
88,random,Gemma3-1B,6,sunlight,definition,
89,random,Gemma3-12B,99,acknowledge,definition,
90,random,Gemma3-27B-pt,27,conquest,offtopic,
91,random,Qwen2.5-0.5B,87,european,definition,
92,random,Gemma3-12B-pt,44,y,definition,hedged
93,random,Gemma3-27B,36,handkerchief,definition,
94,random,Gemma3-270M,35,ardent,restatement,
95,random,Gemma3-1B,35,ardent,definition,
96,random,Gemma3-1B-pt,13,bobby,definition,q+def
97,targeted,Qwen3-0.6B,14,bury,definition,imperative
98,random,Gemma3-1B-pt,38,gallery,offtopic,
99,random,Qwen2.5-0.5B,97,missouri,definition,
100,random,Gemma3-27B-pt,10,yelling,definition,
101,random,Gemma3-4B-pt,98,bias,definition,wrong-pos
102,targeted,Qwen3-0.6B,99,acknowledge,offtopic,imperative
103,random,Qwen2.5-0.5B,99,acknowledge,definition,
104,random,Gemma3-270M,29,flooring,definition,
105,random,Gemma3-4B,89,efficient,definition,
106,random,Qwen2.5-0.5B,38,gallery,definition,
107,random,Gemma3-12B,29,flooring,definition,
108,random,Gemma3-4B-pt,49,reactionary,offtopic,
109,targeted,Gemma3-270M-pt,22,branch,offtopic,format
110,random,Gemma3-4B,45,asleep,definition,
111,random,Gemma3-4B-pt,40,distress,offtopic,
112,random,Gemma3-270M-pt,19,considerable,definition,format
113,random,Gemma3-270M,25,birthplace,definition,
114,random,Gemma3-12B,11,failing,definition,
115,random,Gemma3-1B-pt,75,potential,offtopic,
116,targeted,Qwen3-0.6B,85,group,definition,imperative
117,random,Gemma3-27B,98,bias,definition,
118,random,Gemma3-12B,31,devise,definition,
